,id,season,dl_applied,win_by_runs,win_by_wickets,umpire3
id,1.0,0.47108676169688457,0.024280698612303593,-0.010263152792152803,-0.01550976124364521,
season,0.47108676169688457,1.0,0.004170478073407957,-0.016814675872372602,-0.000708004117327506,
dl_applied,0.024280698612303593,0.004170478073407957,1.0,-0.010892615458698237,-0.011640193653903537,
win_by_runs,-0.010263152792152803,-0.016814675872372602,-0.010892615458698237,1.0,-0.5651806422603184,
win_by_wickets,-0.01550976124364521,-0.000708004117327506,-0.011640193653903537,-0.5651806422603184,1.0,
umpire3,,,,,,
